20123456|Garcia Juan|15/03/1990|M|15/03/2020|ADULTO|15/12/2025|A|PREMIUM|juan.garcia@gmail.com
23654321|Lopez Maria|22/07/1985|F|22/07/2020|ADULTO|22/12/2025|A|VIP|maria.lopez@hotmail.com
20345678|Martinez Carlos|10/11/1978|M|10/11/2018|ADULTO|10/12/2025|A|BASIC|carlos.martinez@yahoo.com
27456789|Rodriguez Ana|05/09/1995|F|05/09/2021|ADULTO|05/12/2025|A|FAMILY|ana.rodriguez@empresa.com
20567890|Fernandez Diego|18/02/1982|M|18/02/2019|ADULTO|18/12/2025|B|PREMIUM|diego.fernandez@gmail.com
27678901|Gonzalez Patricia|30/12/1988|F|30/12/2020|ADULTO|30/12/2025|A|BASIC|patricia.gonzalez@outlook.com
20789012|Sanchez Roberto|25/06/1975|M|25/06/2018|ADULTO|25/12/2025|A|VIP|roberto.sanchez@gmail.com
27890123|Perez Claudia|14/04/1992|F|14/04/2021|ADULTO|14/12/2025|A|FAMILY|claudia.perez@hotmail.com
20901234|Diaz Marcelo|08/08/1980|M|08/08/2019|ADULTO|08/12/2025|A|PREMIUM|marcelo.diaz@empresa.com
27012345|Torres Luciana|19/01/1998|F|19/01/2022|MENOR|19/12/2025|A|BASIC|luciana.torres@gmail.com
20111111|Ruiz Valentina|15/05/1988|F|15/05/2020|ADULTO|15/12/2025|A|PREMIUM|valentina.ruiz@test.com
27222222|Molina Andres|12/03/1985|M|12/03/2019|ADULTO|12/12/2025|A|VIP|andres.molina@test.com
20333333|Romero Carolina|10/10/1990|F|10/10/2021|ADULTO|10/12/2025|A|BASIC|carolina.romero@test.com
27444444|Acosta Fernando|25/12/1985|M|25/12/2019|ADULTO|25/12/2025|A|FAMILY|fernando.acosta@test.com
20555555|Herrera Gabriela|05/07/1992|F|05/07/2020|ADULTO|05/12/2025|A|PREMIUM|gabriela.herrera@test.com
27666666|Medina Pablo|20/08/1980|M|20/08/2018|ADULTO|20/12/2025|A|VIP|pablo.medina@test.com
20777777|Castro Lorena|15/03/1975|F|15/03/2019|ADULTO|15/12/2025|A|BASIC|lorena.castro@test.com
27888888|Vargas Nicolas|10/10/1988|M|10/10/2020|ADULTO|10/12/2025|A|FAMILY|nicolas.vargas@test.com
20999999|Rios Daniela|08/04/1995|F|08/04/2021|ADULTO|08/12/2025|A|PREMIUM|daniela.rios@test.com
27101010|Aguirre Sebastian|22/11/1982|M|22/11/2019|ADULTO|22/12/2025|X|VIP|sebastian.aguirre@test.com
20121212|Sosa Leandro|01/01/1960|M|01/01/2015|ADULTO|01/12/2025|A|BASIC|leandro.sosa@test.com
27131313|Vera Jimena|28/02/2015|F|28/02/2025|MENOR|28/12/2025|A|FAMILY|jimena.vera@test.com
20141414|Paz Ezequiel|17/09/1993|M|17/09/2020|ADULTO|17/12/2025|A|PREMIUM|ezequiel.paz@test.com
27151515|Luna Camila|03/03/1987|F|03/03/2019|ADULTO|03/12/2025|A|VIP|camila.luna@test.com
20161616|Flores Matias|14/07/1991|M|14/07/2020|ADULTO|14/12/2025|A|BASIC|matias.flores@test.com
27171717|Cabrera Rocio|26/10/1996|F|26/10/2021|ADULTO|26/12/2025|A|FAMILY|rocio.cabrera@test.com
20181818|ERROR SEXO INVALIDO|11/12/1984|X|11/12/2019|ADULTO|11/12/2025|A|PREMIUM|agustin.ortiz@test.com
27191919|ERROR FECHA INVALIDA|32/13/1999|F|32/13/2024|ADULTO|32/13/2025|A|VIP|milagros.silva@test.com
20202020|ERROR PLAN INVALIDO|15/05/1985|M|15/05/2020|ADULTO|15/12/2025|A|INVALID|test@test.com
27212121|ERROR EMAIL INVALIDO|20/03/1992|F|20/03/2021|ADULTO|20/12/2025|A|BASIC|notanvalidmail|
20222222|ERROR ESTADO|25/02/1990|M|25/02/2022|ADULTO|25/12/2025|Z|FAMILY|lucas@test.com
27232323|ERROR CATEGORIA|18/06/2005|F|18/06/2024|INVALIDA|18/12/2025|A|PREMIUM|martina@test.com

20-50505050-3;Moreno, Tomas;31/08/1977;M;tomas.moreno@gmail.com;BASIC;A
;Campos, Vacio CUIL;10/05/1990;M;vacio@test.com;BASIC;A
20-60606060-1;;15/03/1985;F;sinNombre@test.com;PREMIUM;A
20-70707070-9;Vidal, Pedro;;M;pedro@gmail.com;VIP;A
27-80808080-7;Nuñez, Laura;20/06/1992;;laura@test.com;BASIC;A
20-90909090-5;Solo, Han;12/12/1980;M;han@test.com;;A
27-11221122-3;Rey, Leia;05/05/1985;F;leia@test.com;FAMILY;
20-ABC45678-9;CUIL CON LETRAS;10/10/1990;M;letras@test.com;BASIC;A
27-12#45$78-1;CUIL CARACTERES ESPECIALES;15/03/1988;F;especial@test.com;PREMIUM;A
20-12345678-X;DIGITO VERIFICADOR LETRA;20/07/1992;M;digito@test.com;VIP;A
XX-12345678-6;PREFIJO CON LETRAS;25/09/1985;M;prefijo@test.com;BASIC;A
20-12345678-6;García@#$%, Juan!;15/03/1990;M;caracteres@test.com;PREMIUM;A
27-23456789-4;López	Tab	Nombre;22/07/1985;F;tab@test.com;VIP;A
20-34567890-2;Martinez\nSaltoLinea;10/11/1978;M;salto@test.com;BASIC;A
27-45678901-0;Rodriguez, Ana;AB/CD/EFGH;F;fechaLetras@test.com;FAMILY;A
20-56789012-8;Fernandez, Diego;00/00/0000;M;fechaCero@test.com;PREMIUM;A
27-67890123-6;Gonzalez, Patricia;32/13/1988;F;fechaImposible@test.com;BASIC;A
20-78901234-4;Sanchez, Roberto;-5/07/1975;M;fechaNegativa@test.com;VIP;A
27-89012345-2;Perez, Claudia;14/04/1992;X;sexoInvalido@test.com;FAMILY;A
20-11223355-5;Diaz, Marcelo;08/08/1980;1;sexoNumero@test.com;PREMIUM;A
27-22334466-3;Torres, Luciana;19/01/1998;FF;sexoDoble@test.com;BASIC;A
20-33445577-1;Ruiz, Oscar;05/05/1985;M;email con espacios@test.com;VIP;A
27-44556688-9;Mora, Elena;10/10/1990;F;email"comillas"@test.com;BASIC;A
20-55667799-7;Cruz, Sergio;15/03/1988;M;<script>alert@hack.com;PREMIUM;A
27-66778800-5;Vega, Sandra;20/08/1992;F;null@test.com;NULL;A
20-77889911-3;Luna, Ricardo;25/12/1985;M;test@test.com;BASIC;NULL
;;;;;;;
20-88991122-1;Solo Algunos Campos;15/03/1990
27-99002233-9;Incompleto, Registro;22/07/1985;F
20-10203040-7;Casi Completo, Test;10/11/1978;M;casi@test.com
27-20304050-5;Falta Estado, Maria;05/09/1995;F;falta@test.com;PREMIUM
